,protocol,threads,zipf,table_partition,commit,abort
0,Sparkle,6,0,9973,287435.7607,1.3330999999889173
1,Sparkle,12,0,9973,539844.052,4.8316999999806285
2,Sparkle,18,0,9973,764183.5749,561.3859999999404
3,Sparkle,24,0,9973,981022.3147,282.0982999999542
4,Sparkle,30,0,9973,1171951.2479,163.06159999989904
5,Sparkle,36,0,9973,1210571.286,429.21309999981895
