,protocol,threads,zipf,table_partition,commit,abort
0,Sparkle,1,0,9973,68857.0,0.5
1,Sparkle,2,0,9973,121143.0,1.0
2,Sparkle,3,0,9973,171945.0,1.5
3,Sparkle,4,0,9973,216597.0,2.0
4,Sparkle,5,0,9973,257794.6027,2.9985000000160653
5,Sparkle,6,0,9973,299844.5777,34.48279999999795
6,Sparkle,12,0,9973,507318.1818,5.994000000006054
7,Sparkle,18,0,9973,665813.2801,26.460300000035204
8,Sparkle,24,0,9973,676729.6758,24.9377000000095
9,Sparkle,30,0,9973,670495.015,29.41169999993872
