,protocol,threads,zipf,partition,commit,abort
0,Sparkle,6,0,1,154197.4013,4.497800000011921
1,Sparkle,12,0,1,173294.2058,8.491500000003725
2,Sparkle,18,0,1,176179.6407,9.481100000004517
3,Sparkle,24,0,1,174349.9501,12.961200000019744
4,Sparkle,30,0,1,173710.0149,16.442500000004657
